event_date,event_records,observed_hours,active_users,buyers,buy_events,buyer_rate
2017-11-25,105516,24,7132,1349,2033,0.18914750420639373
2017-11-26,106453,24,7201,1375,2047,0.1909457019858353
2017-11-27,98878,24,7088,1475,2243,0.2080981941309255
2017-11-28,98279,24,7106,1388,2064,0.19532789192231917
2017-11-29,101915,24,7162,1472,2297,0.2055291817927953
2017-11-30,103188,24,7256,1439,2110,0.1983186328555678
2017-12-01,107285,24,7456,1407,2096,0.18870708154506438
2017-12-02,136153,24,9718,1747,2605,0.17976949989709817
2017-12-03,135893,24,9702,1725,2534,0.17779839208410636
